Name,Formula,MW,CAS,PubChem CID,RotBondCount,Conformers,Canonical SMILES,Pharm class,Pharm target,Class,Chem core,InChI Key,StdInChI
Heroin,C21H23NO5,369.4,561-27-3,5462328,4,9,CC(=O)OC1C=CC2C3CC4=C5C2(C1OC5=C(C=C4)OC(=O)C)CCN3C,Opioids,μ-opioid receptor,1,Alkaloid,GVGLGOZIDCSQPN-PVHGPHFFSA-N,"InChI=1S/C21H23NO5/c1-11(23)25-16-6-4-13-10-15-14-5-7-17(26-12(2)24)20-21(14,8-9-22(15)3)18(13)19(16)27-20/h4-7,14-15,17,20H,8-10H2,1-3H3/t14-,15+,17-,20-,21-/m0/s1"
Morphine,C17H19NO3,285.34,57-27-2,5288826,0,1,CN1CCC23C4C1CC5=C2C(=C(C=C5)O)OC3C(C=C4)O,Opioids,μ-opioid receptor,1,Alkaloid,BQJCRHHNABKAKU-KBQPJGBKSA-N,"InChI=1S/C17H19NO3/c1-18-7-6-17-10-3-5-13(20)16(17)21-15-12(19)4-2-9(14(15)17)8-11(10)18/h2-5,10-11,13,16,19-20H,6-8H2,1H3/t10-,11+,13-,16-,17-/m0/s1"
Acetylcodeine,C20H23NO4,341.4,6703-27-1,5486550,3,3,CC(=O)OC1C=CC2C3CC4=C5C2(C1OC5=C(C=C4)OC)CCN3C,Opioids,μ-opioid receptor,1,Alkaloid,MFXFQKMUCYHPFQ-BKRJIHRRSA-N,"InChI=1S/C20H23NO4/c1-11(22)24-16-7-5-13-14-10-12-4-6-15(23-3)18-17(12)20(13,19(16)25-18)8-9-21(14)2/h4-7,13-14,16,19H,8-10H2,1-3H3/t13-,14+,16-,19-,20-/m0/s1"
Codeine,C18H21NO3,299.4,76-57-3,5284371,1,1,CN1CCC23C4C1CC5=C2C(=C(C=C5)OC)OC3C(C=C4)O,Opioids,μ-opioid receptor,1,Alkaloid,OROGSEYTTFOCAN-DNJOTXNNSA-N,"InChI=1S/C18H21NO3/c1-19-8-7-18-11-4-5-13(20)17(18)22-16-14(21-2)6-3-10(15(16)18)9-12(11)19/h3-6,11-13,17,20H,7-9H2,1-2H3/t11-,12+,13-,17-,18-/m0/s1"
Hydrocodone,C18H21NO3,299.4,125-29-1,5284569,1,1,CN1CCC23C4C1CC5=C2C(=C(C=C5)OC)OC3C(=O)CC4,Opioids,μ-opioid receptor,1,Alkaloid,LLPOLZWFYMWNKH-CMKMFDCUSA-N,"InChI=1S/C18H21NO3/c1-19-8-7-18-11-4-5-13(20)17(18)22-16-14(21-2)6-3-10(15(16)18)9-12(11)19/h3,6,11-12,17H,4-5,7-9H2,1-2H3/t11-,12+,17-,18-/m0/s1"
Oxycodone,C18H21NO4,315.4,76-42-6,5284603,1,1,CN1CCC23C4C(=O)CCC2(C1CC5=C3C(=C(C=C5)OC)O4)O,Opioids,μ-opioid receptor,1,Alkaloid,BRUQQQPBMZOVGD-XFKAJCMBSA-N  ,"InChI=1S/C18H21NO4/c1-19-8-7-17-14-10-3-4-12(22-2)15(14)23-16(17)11(20)5-6-18(17,21)13(19)9-10/h3-4,13,16,21H,5-9H2,1-2H3/t13-,16+,17+,18-/m1/s1"
Hydromorphone,C17H19NO3,285.34,466-99-9,5284570,0,1,CN1CCC23C4C1CC5=C2C(=C(C=C5)O)OC3C(=O)CC4,Opioids,μ-opioid receptor,1,Alkaloid,WVLOADHCBXTIJK-YNHQPCIGSA-N,"InChI=1S/C17H19NO3/c1-18-7-6-17-10-3-5-13(20)16(17)21-15-12(19)4-2-9(14(15)17)8-11(10)18/h2,4,10-11,16,19H,3,5-8H2,1H3/t10-,11+,16-,17-/m0/s1"
Oxymorphone,C17H19NO4,301.34,76-41-5,5284604,0,1,CN1CCC23C4C(=O)CCC2(C1CC5=C3C(=C(C=C5)O)O4)O,Opioids,μ-opioid receptor,1,Alkaloid,UQCNKQCJZOAFTQ-ISWURRPUSA-N,"InChI=1S/C17H19NO4/c1-18-7-6-16-13-9-2-3-10(19)14(13)22-15(16)11(20)4-5-17(16,21)12(18)8-9/h2-3,12,15,19,21H,4-8H2,1H3/t12-,15+,16+,17-/m1/s1"
Naltrexone,C20H23NO4,341.4,16590-41-3,5360515,2,3,C1CC1CN2CCC34C5C(=O)CCC3(C2CC6=C4C(=C(C=C6)O)O5)O,Opioids,μ-opioid receptor,1,Alkaloid,DQCKKXVULJGBQN-XFWGSAIBSA-N,"InChI=1S/C20H23NO4/c22-13-4-3-12-9-15-20(24)6-5-14(23)18-19(20,16(12)17(13)25-18)7-8-21(15)10-11-1-2-11/h3-4,11,15,18,22,24H,1-2,5-10H2/t15-,18+,19+,20-/m1/s1"
Naloxone,C19H21NO4,327.4,465-65-6,5284596,2,4,C=CCN1CCC23C4C(=O)CCC2(C1CC5=C3C(=C(C=C5)O)O4)O,Opioids,μ-opioid receptor,1,Alkaloid,UZHSEJADLWPNLE-GRGSLBFTSA-N,"InChI=1S/C19H21NO4/c1-2-8-20-9-7-18-15-11-3-4-12(21)16(15)24-17(18)13(22)5-6-19(18,23)14(20)10-11/h2-4,14,17,21,23H,1,5-10H2/t14-,17+,18+,19-/m1/s1"
Buprenorphine,C29H41NO4,467.6,52485-79-7,644073,5,2,CC(C)(C)C(C)(C1CC23CCC1(C4C25CCN(C3CC6=C5C(=C(C=C6)O)O4)CC7CC7)OC)O,Opioids,μ-opioid receptor,1,Alkaloid,RMRJXGBAOAMLHD-IHFGGWKQSA-N,"InChI=1S/C29H41NO4/c1-25(2,3)26(4,32)20-15-27-10-11-29(20,33-5)24-28(27)12-13-30(16-17-6-7-17)21(27)14-18-8-9-19(31)23(34-24)22(18)28/h8-9,17,20-21,24,31-32H,6-7,10-16H2,1-5H3/t20-,21-,24-,26+,27-,28+,29-/m1/s1"
Norbuprenorphine,C25H35NO4,413.5,78715-23-8,114976,3,1,CC(C)(C)C(C)(C1CC23CCC1(C4C25CCNC3CC6=C5C(=C(C=C6)O)O4)OC)O,Opioids,μ-opioid receptor,1,Alkaloid,YOYLLRBMGQRFTN-IOMBULRVSA-N,"InChI=1S/C25H35NO4/c1-21(2,3)22(4,28)16-13-23-8-9-25(16,29-5)20-24(23)10-11-26-17(23)12-14-6-7-15(27)19(30-20)18(14)24/h6-7,16-17,20,26-28H,8-13H2,1-5H3/t16-,17-,20-,22+,23-,24+,25-/m1/s1"
Fentanyl,C22H28N2O,336.5,437-38-7,3345,6,9,CCC(=O)N(C1CCN(CC1)CCC2=CC=CC=C2)C3=CC=CC=C3,Opioids,μ-opioid receptor,2,Opioid Phenylpiperidine,PJMPHNIQZUBGLI-UHFFFAOYSA-N,"InChI=1S/C22H28N2O/c1-2-22(25)24(20-11-7-4-8-12-20)21-14-17-23(18-15-21)16-13-19-9-5-3-6-10-19/h3-12,21H,2,13-18H2,1H3"
Carfentanil,C24H30N2O3,394.5,59708-52-0,62156,8,9,CCC(=O)N(C1=CC=CC=C1)C2(CCN(CC2)CCC3=CC=CC=C3)C(=O)OC,Opioids,μ-opioid receptor,2,Opioid Phenylpiperidine,YDSDEBIZUNNPOB-UHFFFAOYSA-N,"InChI=1S/C24H30N2O3/c1-3-22(27)26(21-12-8-5-9-13-21)24(23(28)29-2)15-18-25(19-16-24)17-14-20-10-6-4-7-11-20/h4-13H,3,14-19H2,1-2H3"
Remifentanil,C20H28N2O5,376.4,132539-07-02,60815,9,10,CCC(=O)N(C1=CC=CC=C1)C2(CCN(CC2)CCC(=O)OC)C(=O)OC,Opioids,μ-opioid receptor,2,Opioid Phenylpiperidine,ZTVQQQVZCWLTDF-UHFFFAOYSA-N,"InChI=1S/C20H28N2O5/c1-4-17(23)22(16-8-6-5-7-9-16)20(19(25)27-3)11-14-21(15-12-20)13-10-18(24)26-2/h5-9H,4,10-15H2,1-3H3"
Methadone,C21H27NO,309.4,76-99-3,4095,7,10,CCC(=O)C(CC(C)N(C)C)(C1=CC=CC=C1)C2=CC=CC=C2,Opioids,μ-opioid receptor,2,Opioid,USSIQXCVUWKGNF-UHFFFAOYSA-N,"InChI=1S/C21H27NO/c1-5-20(23)21(16-17(2)22(3)4,18-12-8-6-9-13-18)19-14-10-7-11-15-19/h6-15,17H,5,16H2,1-4H3"
Meperidine,C15H21NO2,247.33,57-42-1,4058,4,8,CCOC(=O)C1(CCN(CC1)C)C2=CC=CC=C2,Opioids,μ-opioid receptor,2,Opioid Piperidine,XADCESSVHJOZHK-UHFFFAOYSA-N,"InChI=1S/C15H21NO2/c1-3-18-14(17)15(9-11-16(2)12-10-15)13-7-5-4-6-8-13/h4-8H,3,9-12H2,1-2H3"
Methylphenidate,C14H19NO2,233.31,113-45-1,4158,4,10,COC(=O)C(C1CCCCN1)C2=CC=CC=C2,Stimulants,NDRI,3,Piperidine,DUGOZIWVEXMGBE-UHFFFAOYSA-N,"InChI=1S/C14H19NO2/c1-17-14(16)13(11-7-3-2-4-8-11)12-9-5-6-10-15-12/h2-4,7-8,12-13,15H,5-6,9-10H2,1H3"
4-MeTMP,C15H21NO2,247.33,,71308139,4,10,CC1=CC=C(C=C1)C(C2CCCCN2)C(=O)OC,Stimulants,NDRI,3,Piperidine,WJZNCJIOIACDBR-UHFFFAOYSA-N,"InChI=1S/C15H21NO2/c1-11-6-8-12(9-7-11)14(15(17)18-2)13-5-3-4-10-16-13/h6-9,13-14,16H,3-5,10H2,1-2H3"
Ethylphenidate,C15H21NO2,247.33,57413-43-1,3080846,5,10,CCOC(=O)C(C1CCCCN1)C2=CC=CC=C2,Stimulants,NDRI,3,Piperidine,AIVSIRYZIBXTMM-UHFFFAOYSA-N,"InChI=1S/C15H21NO2/c1-2-18-15(17)14(12-8-4-3-5-9-12)13-10-6-7-11-16-13/h3-5,8-9,13-14,16H,2,6-7,10-11H2,1H3"
4-FMPH,C14H18FNO2,251.3,,52944002,4,9,COC(=O)C(C1CCCCN1)C2=CC=C(C=C2)F,Stimulants,NDRI,3,Piperidine,XISBAJBPDVRSPG-CHWSQXEVSA-N,"InChI=1S/C14H18FNO2/c1-18-14(17)13(12-4-2-3-9-16-12)10-5-7-11(15)8-6-10/h5-8,12-13,16H,2-4,9H2,1H3/t12-,13-/m1/s1"
IPH,C16H23NO2,261.36,93148-46-0,68314762,5,10,CC(C)OC(=O)C(C1CCCCN1)C2=CC=CC=C2,Stimulants,NDRI,3,Piperidine,AZVPADMEIMLODT-UHFFFAOYSA-N,"InChI=1S/C16H23NO2/c1-12(2)19-16(18)15(13-8-4-3-5-9-13)14-10-6-7-11-17-14/h3-5,8-9,12,14-15,17H,6-7,10-11H2,1-2H3"
PPH,C16H23NO2,261.36,1071564-47-0,91844466,6,10,CCCOC(=O)C(C1CCCCN1)C2=CC=CC=C2,Stimulants,NDRI,3,Piperidine,PRMWWEANNQSWAR-UHFFFAOYSA-N,"InChI=1S/C16H23NO2/c1-2-12-19-16(18)15(13-8-4-3-5-9-13)14-10-6-7-11-17-14/h3-5,8-9,14-15,17H,2,6-7,10-12H2,1H3"
HDEP-28,C19H23NO2,297.4,,91844468,5,10,CCOC(=O)C(C1CCCCN1)C2=CC3=CC=CC=C3C=C2,Stimulants,NDRI,3,Piperidine,OTQVTBPHZRARTL-UHFFFAOYSA-N,"InChI=1S/C19H23NO2/c1-2-22-19(21)18(17-9-5-6-12-20-17)16-11-10-14-7-3-4-8-15(14)13-16/h3-4,7-8,10-11,13,17-18,20H,2,5-6,9,12H2,1H3"
2-DPMP,C18H21N,251.4,519-74-4,160506,3,8,C1CCNC(C1)C(C2=CC=CC=C2)C3=CC=CC=C3,Stimulants,NDRI,3,Piperidine,RWTNXJXZVGHMGI-UHFFFAOYSA-N,"InChI=1S/C18H21N/c1-3-9-15(10-4-1)18(16-11-5-2-6-12-16)17-13-7-8-14-19-17/h1-6,9-12,17-19H,7-8,13-14H2"
Cocaine,C17H21NO4,303.35,50-36-2,446220,5,5,CN1C2CCC1C(C(C2)OC(=O)C3=CC=CC=C3)C(=O)OC,Stimulants,SNDRI,4,Tropane Alkaloids,ZPUCINDJVBIVPJ-LJISPDSOSA-N,"InChI=1S/C17H21NO4/c1-18-12-8-9-13(18)15(17(20)21-2)14(10-12)22-16(19)11-6-4-3-5-7-11/h3-7,12-15H,8-10H2,1-2H3/t12-,13+,14-,15+/m0/s1"
Benzoylecgonine,C16H19NO4,289.33,519-09-5,448223,5,3,CN1C2CCC1C(C(C2)OC(=O)C3=CC=CC=C3)C(=O)O,Stimulants,SNDRI,4,Tropane Alkaloids,GVGYEFKIHJTNQZ-RFQIPJPRSA-N,"InChI=1S/C16H19NO4/c1-17-11-7-8-12(17)14(15(18)19)13(9-11)21-16(20)10-5-3-2-4-6-10/h2-6,11-14H,7-9H2,1H3,(H,18,19)/t11-,12+,13-,14+/m0/s1"
Cocaethylene,C18H23NO4,317.4,529-38-4,644006,6,9,CCOC(=O)C1C2CCC(N2C)CC1OC(=O)C3=CC=CC=C3,Stimulants,SNDRI,4,Tropane Alkaloids - metabolite,NMPOSNRHZIWLLL-XUWVNRHRSA-N,"InChI=1S/C18H23NO4/c1-3-22-18(21)16-14-10-9-13(19(14)2)11-15(16)23-17(20)12-7-5-4-6-8-12/h4-8,13-16H,3,9-11H2,1-2H3/t13-,14+,15-,16+/m0/s1"
Amphetamine,C9H13N,135.21,300-62-9,3007,2,6,CC(CC1=CC=CC=C1)N,Stimulants,SNDRI,5,Amphetamine,KWTSXDURSIMDCE-UHFFFAOYSA-N,"InChI=1S/C9H13N/c1-8(10)7-9-5-3-2-4-6-9/h2-6,8H,7,10H2,1H3"
Methamphetamine,C10H15N,149.23,537-46-2,10836,3,6,CC(CC1=CC=CC=C1)NC,Stimulants,SNDRI,5,Amphetamine,MYWUZJCMWCOHBA-VIFPVBQESA-N,"InChI=1S/C10H15N/c1-9(11-2)8-10-6-4-3-5-7-10/h3-7,9,11H,8H2,1-2H3/t9-/m0/s1"
Etilamfetamine,C11H17N,163.26,457-87-4,9982,4,9,CCNC(C)CC1=CC=CC=C1,Stimulants,SNDRI,5,Amphetamine,YAGBSNMZQKEFCO-UHFFFAOYSA-N,"InChI=1S/C11H17N/c1-3-12-10(2)9-11-7-5-4-6-8-11/h4-8,10,12H,3,9H2,1-2H3"
Ephedrine,C10H15NO,165.23,299-42-3,9294,3,5,CC(C(C1=CC=CC=C1)O)NC,Stimulants,SNDRI,5,Amphetamine,KWGRBVOPPLSCSI-WPRPVWTQSA-N,"InChI=1S/C10H15NO/c1-8(11-2)10(12)9-6-4-3-5-7-9/h3-8,10-12H,1-2H3/t8-,10-/m0/s1"
4-MOA,C10H15NO,165.23,64-13-1,31721,3,9,CC(CC1=CC=C(C=C1)OC)N,Stimulants,SNDRI,5,Para-amphetamines,NEGYEDYHPHMHGK-UHFFFAOYSA-N,"InChI=1S/C10H15NO/c1-8(11)7-9-3-5-10(12-2)6-4-9/h3-6,8H,7,11H2,1-2H3"
4-MMA,C11H17NO,179.26,22331-70-0,90766,4,10,CC(CC1=CC=C(C=C1)OC)NC,Stimulants,SNDRI,5,Para-amphetamines,UGFMBZYKVQSQFX-UHFFFAOYSA-N,"InChI=1S/C11H17NO/c1-9(12-2)8-10-4-6-11(13-3)7-5-10/h4-7,9,12H,8H2,1-3H3"
4-Fluoroephedrine,C10H14FNO,183.22,,76974173,3,8,CC(C(C1=CC=C(C=C1)F)O)NC,Stimulants,SNDRI,5,Para-amphetamines,SPEQHEOLWDGWML-UHFFFAOYSA-N,"InChI=1S/C10H14FNO/c1-7(12-2)10(13)8-3-5-9(11)6-4-8/h3-7,10,12-13H,1-2H3"
4-FA,C9H12FN,153.2,459-02-9,9986,2,6,CC(CC1=CC=C(C=C1)F)N,Stimulants,SNDRI,5,Para-amphetamines,DGXWNDGLEOIEGT-UHFFFAOYSA-N,"InChI=1S/C9H12FN/c1-7(11)6-8-2-4-9(10)5-3-8/h2-5,7H,6,11H2,1H3"
4-FMA,C10H14FN,167.22,351-03-1,11745017,3,8,CC(CC1=CC=C(C=C1)F)NC,Stimulants,SNDRI,5,Para-amphetamines,YCWZPIHKUYZTFM-UHFFFAOYSA-N,"InChI=1S/C10H14FN/c1-8(12-2)7-9-3-5-10(11)6-4-9/h3-6,8,12H,7H2,1-2H3"
4-MA,C10H15N,149.23,64-11-9,199116,2,8,CC1=CC=C(C=C1)CC(C)N,Stimulants,SNDRI,5,Para-amphetamines,ZDHZDWSHLNBTEB-UHFFFAOYSA-N,"InChI=1S/C10H15N/c1-8-3-5-10(6-4-8)7-9(2)11/h3-6,9H,7,11H2,1-2H3"
Cathinone,C9H11NO,149.19,71031-15-7,62258,2,4,CC(C(=O)C1=CC=CC=C1)N,Stimulants,SNDRI,6,Cathinone_amphetamine,PUAQLLVFLMYYJJ-ZETCQYMHSA-N,"InChI=1S/C9H11NO/c1-7(10)9(11)8-5-3-2-4-6-8/h2-7H,10H2,1H3/t7-/m0/s1"
Methcathinone,C10H13NO,163.22,5650-44-2,1576,3,9,CC(C(=O)C1=CC=CC=C1)NC,Stimulants,SNDRI,6,Cathinone_amphetamine,LPLLVINFLBSFRP-UHFFFAOYSA-N,"InChI=1S/C10H13NO/c1-8(11-2)10(12)9-6-4-3-5-7-9/h3-8,11H,1-2H3"
Ethcathinone,C11H15NO,177.2429,18259-37-5,458519,4,9,CCNC(C)C(=O)C1=CC=CC=C1,Stimulants,SNDRI,6,Cathinone_amphetamine,LYMHIBZGTAPASQ-UHFFFAOYSA-N,"InChI=1S/C11H15NO/c1-3-12-9(2)11(13)10-7-5-4-6-8-10/h4-9,12H,3H2,1-2H3"
Buphedrone,C11H15NO,177.24,408332-79-6,53249194,4,9,CCC(C(=O)C1=CC=CC=C1)NC,Stimulants,SNDRI,6,Cathinone_amphetamine,DDPMGIMJSRUULN-UHFFFAOYSA-N,"InChI=1S/C11H15NO/c1-3-10(12-2)11(13)9-7-5-4-6-8-9/h4-8,10,12H,3H2,1-2H3"
Pentedrone,C12H17NO,191.27,879722-57-3,57501499,5,10,CCCC(C(=O)C1=CC=CC=C1)NC,Stimulants,SNDRI,6,Cathinone_amphetamine,WLIWIUNEJRETFX-UHFFFAOYSA-N,"InChI=1S/C12H17NO/c1-3-7-11(13-2)12(14)10-8-5-4-6-9-10/h4-6,8-9,11,13H,3,7H2,1-2H3"
Mephedrone,C11H15NO,177.24,1189805-46-6,45266826,3,7,CC1=CC=C(C=C1)C(=O)C(C)NC,Stimulants,SNDRI,6,Cathinone_amphetamine,YELGFTGWJGBAQU-UHFFFAOYSA-N,"InChI=1S/C11H15NO/c1-8-4-6-10(7-5-8)11(13)9(2)12-3/h4-7,9,12H,1-3H3"
3-MMC,C11H15NO,177.24,1246816-62-5,71741532,3,7,CC1=CC(=CC=C1)C(=O)C(C)NC,Stimulants,SNDRI,6,Cathinone_amphetamine,QDNXSIYWHYGMCD-UHFFFAOYSA-N,"InChI=1S/C11H15NO/c1-8-5-4-6-10(7-8)11(13)9(2)12-3/h4-7,9,12H,1-3H3"
4-MEC,C12H17NO,191.27,1225617-18-4,52988259,4,8,CCNC(C)C(=O)C1=CC=C(C=C1)C,Stimulants,SNDRI,6,Cathinone_amphetamine,ZOXZWYWOECCBSH-UHFFFAOYSA-N,"InChI=1S/C12H17NO/c1-4-13-10(3)12(14)11-7-5-9(2)6-8-11/h5-8,10,13H,4H2,1-3H3"
4-EMC,C12H17NO,191.27,1225622-14-9,71316576,4,10,CCC1=CC=C(C=C1)C(=O)C(C)NC,Stimulants,SNDRI,6,Cathinone_amphetamine,FUYPDKFWOHBUFT-UHFFFAOYSA-N,"InChI=1S/C12H17NO/c1-4-10-5-7-11(8-6-10)12(14)9(2)13-3/h5-9,13H,4H2,1-3H3"
"2,3-DMMC",C12H17NO,191.27,1448258-72-7,91693751,3,9,CC1=C(C(=CC=C1)C(=O)C(C)NC)C,Stimulants,SNDRI,6,Cathinone_amphetamine,APVRHNHXZXFDLN-UHFFFAOYSA-N,"InChI=1S/C12H17NO/c1-8-6-5-7-11(9(8)2)12(14)10(3)13-4/h5-7,10,13H,1-4H3"
"3,4-DMMC",C12H17NO,191.27,1082110-00-6,52988261,3,5,CC1=C(C=C(C=C1)C(=O)C(C)NC)C,Stimulants,SNDRI,6,Cathinone_amphetamine,IBZRXTVDTGVBIS-UHFFFAOYSA-N,"InChI=1S/C12H17NO/c1-8-5-6-11(7-9(8)2)12(14)10(3)13-4/h5-7,10,13H,1-4H3"
"2,4-DMMC",C12H17NO,191.27,1225623-63-1,82100563,3,10,CC1=CC(=C(C=C1)C(=O)C(C)NC)C,Stimulants,SNDRI,6,Cathinone_amphetamine,GMWLLQUZDNDCMN-UHFFFAOYSA-N,"InChI=1S/C12H17NO/c1-8-5-6-11(9(2)7-8)12(14)10(3)13-4/h5-7,10,13H,1-4H3"
4-FMC,C10H12FNO,181.21,447-40-5,49853406,3,7,CC(C(=O)C1=CC=C(C=C1)F)NC,Stimulants,SNDRI,6,Cathinone_amphetamine,MWKQPIROPJSFRI-UHFFFAOYSA-N,"InChI=1S/C10H12FNO/c1-7(12-2)10(13)8-3-5-9(11)6-4-8/h3-7,12H,1-2H3"
3-FMC,C10H12FNO,181.21,1049677-77-1,53415330,3,8,CC(C(=O)C1=CC(=CC=C1)F)NC,Stimulants,SNDRI,6,Cathinone_amphetamine,PQIBROLLUQSNQI-UHFFFAOYSA-N,"InChI=1S/C10H12FNO/c1-7(12-2)10(13)8-4-3-5-9(11)6-8/h3-7,12H,1-2H3"
BK-MDA,C10H11NO3,193.2,80535-73-5,57465250,2,7,CC(C(=O)C1=CC2=C(C=C1)OCO2)N,Stimulants,SNDRI,7,Cathinone_Dioxole ring,XDEZOLVDJWWXRG-UHFFFAOYSA-N,"InChI=1S/C10H11NO3/c1-6(11)10(12)7-2-3-8-9(4-7)14-5-13-8/h2-4,6H,5,11H2,1H3"
Butylone,C12H15NO3,221.25,802575-11-7,56843046,4,8,CCC(C(=O)C1=CC2=C(C=C1)OCO2)NC,Stimulants,SNDRI,7,Cathinone_Dioxole ring,CGKQZIULZRXRRJ-UHFFFAOYSA-N,"InChI=1S/C12H15NO3/c1-3-9(13-2)12(14)8-4-5-10-11(6-8)16-7-15-10/h4-6,9,13H,3,7H2,1-2H3"
Ethylone,C12H15NO3,221.25,1112937-64-0,57252245,4,9,CCNC(C)C(=O)C1=CC2=C(C=C1)OCO2,Stimulants,SNDRI,7,Cathinone_Dioxole ring,MJEMIOXXNCZZFK-UHFFFAOYSA-N,"InChI=1S/C12H15NO3/c1-3-13-8(2)12(14)9-4-5-10-11(6-9)16-7-15-10/h4-6,8,13H,3,7H2,1-2H3"
Methylone,C11H13NO3,207.23,186028-79-5,45789647,3,6,CC(C(=O)C1=CC2=C(C=C1)OCO2)NC,Stimulants,SNDRI,7,Cathinone_Dioxole ring,VKEQBMCRQDSRET-UHFFFAOYSA-N,"InChI=1S/C11H13NO3/c1-7(12-2)11(13)8-3-4-9-10(5-8)15-6-14-9/h3-5,7,12H,6H2,1-2H3"
Pentylone,C13H17NO3,235.28,698963-77-8,60208608,5,9,CCCC(C(=O)C1=CC2=C(C=C1)OCO2)NC,Stimulants,SNDRI,7,Cathinone_Dioxole ring,DFMLULIEUUXXSA-UHFFFAOYSA-N,"InChI=1S/C13H17NO3/c1-3-4-10(14-2)13(15)9-5-6-11-12(7-9)17-8-16-11/h5-7,10,14H,3-4,8H2,1-2H3"
MDPV,C16H21NO3,275.34,687603-66-3,20111961,5,8,CCCC(C(=O)C1=CC2=C(C=C1)OCO2)N3CCCC3,Stimulants,SNDRI,8,Cathinone_Dioxole ring_pyrrolidine ring,SYHGEUNFJIGTRX-UHFFFAOYSA-N,"InChI=1S/C16H21NO3/c1-2-5-13(17-8-3-4-9-17)16(18)12-6-7-14-15(10-12)20-11-19-14/h6-7,10,13H,2-5,8-9,11H2,1H3"
MDPBP,C15H19NO3,261.32,784985-33-7,71300672,4,6,CCC(C(=O)C1=CC2=C(C=C1)OCO2)N3CCCC3,Stimulants,SNDRI,8,Cathinone_Dioxole ring_pyrrolidine ring,OLVLMDVPMCIBQW-UHFFFAOYSA-N,"InChI=1S/C15H19NO3/c1-2-12(16-7-3-4-8-16)15(17)11-5-6-13-14(9-11)19-10-18-13/h5-6,9,12H,2-4,7-8,10H2,1H3"
MDPPP,C14H17NO3,247.29,783241-66-7,6430845,3,9,CC(C(=O)C1=CC2=C(C=C1)OCO2)N3CCCC3,Stimulants,SNDRI,8,Cathinone_Dioxole ring_pyrrolidine ring,NIYQOTCYXGXMPI-UHFFFAOYSA-N,"InChI=1S/C14H17NO3/c1-10(15-6-2-3-7-15)14(16)11-4-5-12-13(8-11)18-9-17-12/h4-5,8,10H,2-3,6-7,9H2,1H3"
MDA,C10H13NO2,179.22,4764-17-4,1614,2,7,CC(CC1=CC2=C(C=C1)OCO2)N,Stimulants,SNDRI,7,Amphetamine_Dioxole ring,NGBBVGZWCFBOGO-UHFFFAOYSA-N,"InChI=1S/C10H13NO2/c1-7(11)4-8-2-3-9-10(5-8)13-6-12-9/h2-3,5,7H,4,6,11H2,1H3"
MDMA,C11H15NO2,193.24,42542-10-9,1615,3,8,CC(CC1=CC2=C(C=C1)OCO2)NC,Stimulants,SNDRI,7,Amphetamine_Dioxole ring,SHXWCVYOXRDMCX-UHFFFAOYSA-N,"InChI=1S/C11H15NO2/c1-8(12-2)5-9-3-4-10-11(6-9)14-7-13-10/h3-4,6,8,12H,5,7H2,1-2H3"
MDEA,C12H17NO2,207.27,82801-81-8,105039,4,8,CCNC(C)CC1=CC2=C(C=C1)OCO2,Stimulants,SNDRI,7,Amphetamine_Dioxole ring,PVXVWWANJIWJOO-UHFFFAOYSA-N,"InChI=1S/C12H17NO2/c1-3-13-9(2)6-10-4-5-11-12(7-10)15-8-14-11/h4-5,7,9,13H,3,6,8H2,1-2H3"
MBDB,C12H17NO2,207.27,135795-90-3,124844,4,8,CCC(CC1=CC2=C(C=C1)OCO2)NC,Stimulants,SNDRI,7,Amphetamine_Dioxole ring,USWVWJSAJAEEHQ-UHFFFAOYSA-N,"InChI=1S/C12H17NO2/c1-3-10(13-2)6-9-4-5-11-12(7-9)15-8-14-11/h4-5,7,10,13H,3,6,8H2,1-2H3"
Naphyrone,C19H23NO,281.4,850352-53-3,11243002,5,8,CCCC(C(=O)C1=CC2=CC=CC=C2C=C1)N3CCCC3,Stimulants,SNDRI,8,Cathinone_pyrrolidine,DTNUPBSOODGRKW-UHFFFAOYSA-N,"InChI=1S/C19H23NO/c1-2-7-18(20-12-5-6-13-20)19(21)17-11-10-15-8-3-4-9-16(15)14-17/h3-4,8-11,14,18H,2,5-7,12-13H2,1H3"
Alpha PVP,C15H21NO,231.33,14530-33-7,11148955,5,8,CCCC(C(=O)C1=CC=CC=C1)N2CCCC2,Stimulants,SNDRI,8,Cathinone_pyrrolidine,YDIIDRWHPFMLGR-UHFFFAOYSA-N,"InChI=1S/C15H21NO/c1-2-8-14(16-11-6-7-12-16)15(17)13-9-4-3-5-10-13/h3-5,9-10,14H,2,6-8,11-12H2,1H3"
Pyrovalerone,C16H23NO,245.36,3563-49-3,14373,5,7,CCCC(C(=O)C1=CC=C(C=C1)C)N2CCCC2,Stimulants,SNDRI,8,Cathinone_pyrrolidine,SWUVZKWCOBGPTH-UHFFFAOYSA-N,"InChI=1S/C16H23NO/c1-3-6-15(17-11-4-5-12-17)16(18)14-9-7-13(2)8-10-14/h7-10,15H,3-6,11-12H2,1-2H3"
2-Aminoindane,C9H11N,133.19,2975-41-9,76310,0,2,C1C(CC2=CC=CC=C21)N,Stimulants,SNDRI,9,Aminoindanes,LMHHFZAXSANGGM-UHFFFAOYSA-N,"nChI=1S/C9H11N/c10-9-5-7-3-1-2-4-8(7)6-9/h1-4,9H,5-6,10H2"
NM-2-AI,C10H13N,147.22,24445-44-1,15023225,1,4,CNC1CC2=CC=CC=C2C1,Stimulants,SNDRI,9,Aminoindanes,SXWZQUCTTOBHJT-UHFFFAOYSA-N,"InChI=1S/C10H13N/c1-11-10-6-8-4-2-3-5-9(8)7-10/h2-5,10-11H,6-7H2,1H3"
MMAI,C11H15NO,177.24,136468-19-4,131575,1,2,CC1=CC2=C(CC(C2)N)C=C1OC,Stimulants,SNDRI,9,Aminoindanes,JLESVLCTIOAHPT-UHFFFAOYSA-N,"InChI=1S/C11H15NO/c1-7-3-8-4-10(12)5-9(8)6-11(7)13-2/h3,6,10H,4-5,12H2,1-2H3"
MDAI,C10H11NO2,177.2,132741-81-2,125558,0,2,C1C(CC2=CC3=C(C=C21)OCO3)N,Stimulants,SNDRI,9,Aminoindanes,FQDRMHHCWZAXJM-UHFFFAOYSA-N,"InChI=1S/C10H11NO2/c11-8-1-6-3-9-10(13-5-12-9)4-7(6)2-8/h3-4,8H,1-2,5,11H2"
4-APB,C11H13NO,175.23,286834-83-1,10130546,2,6,CC(CC1=C2C=COC2=CC=C1)N,Stimulants,SNDRI,10,Benzofurans,XROLBZOMVNMIFN-UHFFFAOYSA-N,"InChI=1S/C11H13NO/c1-8(12)7-9-3-2-4-11-10(9)5-6-13-11/h2-6,8H,7,12H2,1H3"
5-APB,C11H13NO,175.23,286834-81-9,9837232,2,7,CC(CC1=CC2=C(C=C1)OC=C2)N,Stimulants,SNDRI,10,Benzofurans,VKUMKUZDZWHMQU-UHFFFAOYSA-N,"InChI=1S/C11H13NO/c1-8(12)6-9-2-3-11-10(7-9)4-5-13-11/h2-5,7-8H,6,12H2,1H3"
6-APB,C11H13NO,175.23,286834-85-3,9794343,2,6,CC(CC1=CC2=C(C=C1)C=CO2)N,Stimulants,SNDRI,10,Benzofurans,FQDAMYLMQQKPRX-UHFFFAOYSA-N,"InChI=1S/C11H13NO/c1-8(12)6-9-2-3-10-4-5-13-11(10)7-9/h2-5,7-8H,6,12H2,1H3"
7-APB,C11H13NO,175.23,286834-87-5,10130548,2,7,CC(CC1=CC=CC2=C1OC=C2)N,Stimulants,SNDRI,10,Benzofurans,YVMDMFRZSDUZLK-UHFFFAOYSA-N,"InChI=1S/C11H13NO/c1-8(12)7-10-4-2-3-9-5-6-13-11(9)10/h2-6,8H,7,12H2,1H3"
5-APDB,C11H15NO,177.24,152624-03-8,192601,2,9,CC(CC1=CC2=C(C=C1)OCC2)N,Stimulants,SNDRI,10,Benzofurans,PZTJXZKNTPCPJL-UHFFFAOYSA-N,"InChI=1S/C11H15NO/c1-8(12)6-9-2-3-11-10(7-9)4-5-13-11/h2-3,7-8H,4-6,12H2,1H3"
6-APDB,C11H15NO,177.24,152623-93-3,192599,2,6,CC(CC1=CC2=C(CCO2)C=C1)N,Stimulants,SNDRI,10,Benzofurans,VRNGXHJGMCJRSQ-UHFFFAOYSA-N,"InChI=1S/C11H15NO/c1-8(12)6-9-2-3-10-4-5-13-11(10)7-9/h2-3,7-8H,4-6,12H2,1H3"
5-MAPDB,C12H17NO,191.27,1354631-78-9,112500533,3,8,CC(CC1=CC2=C(C=C1)OCC2)NC,Stimulants,SNDRI,10,Benzofurans,PLQTZOCLUHHCOI-UHFFFAOYSA-N,"InChI=1S/C12H17NO/c1-9(13-2)7-10-3-4-12-11(8-10)5-6-14-12/h3-4,8-9,13H,5-7H2,1-2H3"
5-EAPB,C13H17NO,203.28,1445566-01-7,102336590,4,10,CCNC(C)CC1=CC2=C(C=C1)OC=C2,Stimulants,SNDRI,10,Benzofurans,ZBZDDOARNPAMSP-UHFFFAOYSA-N,"InChI=1S/C13H17NO/c1-3-14-10(2)8-11-4-5-13-12(9-11)6-7-15-13/h4-7,9-10,14H,3,8H2,1-2H3"
Diazepam,C16H13ClN2O,284.74,439-14-5,3016,1,1,CN1C(=O)CN=C(C2=C1C=CC(=C2)Cl)C3=CC=CC=C3,Sedatives,GABA_A,11,Benzodiazepines,AAOVKJBEBIDNHE-UHFFFAOYSA-N ,"InChI=1S/C16H13ClN2O/c1-19-14-8-7-12(17)9-13(14)16(18-10-15(19)20)11-5-3-2-4-6-11/h2-9H,10H2,1H3"
Temazepam,C16H13ClN2O2,300.74,846-50-4,5391,1,2,CN1C2=C(C=C(C=C2)Cl)C(=NC(C1=O)O)C3=CC=CC=C3,Sedatives,GABA_A,11,Benzodiazepines,SEQDDYPDSLOBDC-UHFFFAOYSA-N,"InChI=1S/C16H13ClN2O2/c1-19-13-8-7-11(17)9-12(13)14(18-15(20)16(19)21)10-5-3-2-4-6-10/h2-9,15,20H,1H3"
Oxazepam,C15H11ClN2O2,286.71,604-75-1,4616,1,2,C1=CC=C(C=C1)C2=NC(C(=O)NC3=C2C=C(C=C3)Cl)O,Sedatives,GABA_A,11,Benzodiazepines,ADIMAYPTOBDMTL-UHFFFAOYSA-N,"InChI=1S/C15H11ClN2O2/c16-10-6-7-12-11(8-10)13(9-4-2-1-3-5-9)18-15(20)14(19)17-12/h1-8,15,20H,(H,17,19)"
Clobazam,C16H13ClN2O2,300.74,22316-47-8,2789,1,1,CN1C(=O)CC(=O)N(C2=C1C=CC(=C2)Cl)C3=CC=CC=C3,Sedatives,GABA_A,11,Benzodiazepines,CXOXHMZGEKVPMT-UHFFFAOYSA-N,"InChI=1S/C16H13ClN2O2/c1-18-13-8-7-11(17)9-14(13)19(16(21)10-15(18)20)12-5-3-2-4-6-12/h2-9H,10H2,1H3"
Nordazepam,C15H11ClN2O,270.71,1088-11-5,2997,1,1,C1C(=O)NC2=C(C=C(C=C2)Cl)C(=N1)C3=CC=CC=C3,Sedatives,GABA_A,11,Benzodiazepines,AKPLHCDWDRPJGD-UHFFFAOYSA-N,"InChI=1S/C15H11ClN2O/c16-11-6-7-13-12(8-11)15(17-9-14(19)18-13)10-4-2-1-3-5-10/h1-8H,9H2,(H,18,19)"
Fludiazepam,C16H12ClFN2O,302.73,3900-31-0,3369,1,2,CN1C(=O)CN=C(C2=C1C=CC(=C2)Cl)C3=CC=CC=C3F,Sedatives,GABA_A,11,Benzodiazepines,ROYOYTLGDLIGBX-UHFFFAOYSA-N,"InChI=1S/C16H12ClFN2O/c1-20-14-7-6-10(17)8-12(14)16(19-9-15(20)21)11-4-2-3-5-13(11)18/h2-8H,9H2,1H3"
THC,C21H30O2,314.5,,16078,4,10,CCCCCC1=CC(=C2C3C=C(CCC3C(OC2=C1)(C)C)C)O,Cannabis,CB1,12,THC,CYQFCXCEBYINGO-IAGOWNOFSA-N,"InChI=1S/C21H30O2/c1-5-6-7-8-15-12-18(22)20-16-11-14(2)9-10-17(16)21(3,4)23-19(20)13-15/h11-13,16-17,22H,5-10H2,1-4H3/t16-,17-/m1/s1"
D9THC,C21H30O2,314.5,,2978,4,9,CCCCCC1=CC(=C2C3C=C(CCC3C(OC2=C1)(C)C)C)O,Cannabis,CB1,12,THC,CYQFCXCEBYINGO-UHFFFAOYSA-N,"InChI=1S/C21H30O2/c1-5-6-7-8-15-12-18(22)20-16-11-14(2)9-10-17(16)21(3,4)23-19(20)13-15/h11-13,16-17,22H,5-10H2,1-4H3"
D6THC,C21H30O2,314.5,5957-75-5,2977,4,10,CCCCCC1=CC(=C2C3CC(=CCC3C(OC2=C1)(C)C)C)O,Cannabis,CB1,12,THC,HCAWPGARWVBULJ-UHFFFAOYSA-N,"InChI=1S/C21H30O2/c1-5-6-7-8-15-12-18(22)20-16-11-14(2)9-10-17(16)21(3,4)23-19(20)13-15/h9,12-13,16-17,22H,5-8,10-11H2,1-4H3"
Synhexyl,C22H32O2,328.5,117-51-1,8334,5,10,CCCCCCC1=CC(=C2C3=C(CCC(C3)C)C(OC2=C1)(C)C)O,Cannabis,CB1,12,THC,OORFXDSWECAQLI-UHFFFAOYSA-N,"InChI=1S/C22H32O2/c1-5-6-7-8-9-16-13-19(23)21-17-12-15(2)10-11-18(17)22(3,4)24-20(21)14-16/h13-15,23H,5-12H2,1-4H3"
DMHP,C25H38O2,370.6,32904-22-6,36276,6,9,CCCCCC(C)C(C)C1=CC(=C2C3=C(CCC(C3)C)C(OC2=C1)(C)C)O,Cannabis,CB1,12,THC,QBEFIFWEOSUTKV-UHFFFAOYSA-N,"InChI=1S/C25H38O2/c1-7-8-9-10-17(3)18(4)19-14-22(26)24-20-13-16(2)11-12-21(20)25(5,6)27-23(24)15-19/h14-18,26H,7-13H2,1-6H3"
Cannabidiol,C21H30O2,314.5,13956-29-1,644019,6,9,CCCCCC1=CC(=C(C(=C1)O)C2C=C(CCC2C(=C)C)C)O,Cannabis,CB1,12,THC,QHMBSVQNZZTUGM-ZWKOTPCHSA-N  ,"InChI=1S/C21H30O2/c1-5-6-7-8-16-12-19(22)21(20(23)13-16)18-11-15(4)9-10-17(18)14(2)3/h11-13,17-18,22-23H,2,5-10H2,1,3-4H3/t17-,18+/m0/s1"
Cannabinol,C21H26O2,310.4,521-35-7,2543,4,10,CCCCCC1=CC(=C2C(=C1)OC(C3=C2C=C(C=C3)C)(C)C)O,Cannabis,CB1,12,THC,VBGLYOIFKLUMQG-UHFFFAOYSA-N,"InChI=1S/C21H26O2/c1-5-6-7-8-15-12-18(22)20-16-11-14(2)9-10-17(16)21(3,4)23-19(20)13-15/h9-13,22H,5-8H2,1-4H3"
NBOMe-2C-B,C18H22BrNO3,380.3,1026511-90-9,9977044,8,9,COC1=CC=CC=C1CNCCC2=CC(=C(C=C2OC)Br)OC,Hallucinogens,5-HT2A,13,Phenethylamines 2C-B,SUXGNJVVBGJEFB-UHFFFAOYSA-N,"InChI=1S/C18H22BrNO3/c1-21-16-7-5-4-6-14(16)12-20-9-8-13-10-18(23-3)15(19)11-17(13)22-2/h4-7,10-11,20H,8-9,12H2,1-3H3"
NBOMe-2C-C,C18H22ClNO3,335.8,1227608-02-7,46856354,8,10,COC1=CC=CC=C1CNCCC2=CC(=C(C=C2OC)Cl)OC,Hallucinogens,5-HT2A,13,Phenethylamines 2C-B,FJFPOGCVVLUYAQ-UHFFFAOYSA-N,"InChI=1S/C18H22ClNO3/c1-21-16-7-5-4-6-14(16)12-20-9-8-13-10-18(23-3)15(19)11-17(13)22-2/h4-7,10-11,20H,8-9,12H2,1-3H3"
NBOMe-2C-D,C19H25NO3,315.4,1354632-02-2,118536027,8,10,CC1=CC(=C(C=C1OC)CCNCC2=CC=CC=C2OC)OC,Hallucinogens,5-HT2A,13,Phenethylamines 2C-B,UTVHBNXCFSATDB-UHFFFAOYSA-N,"InChI=1S/C19H25NO3/c1-14-11-19(23-4)15(12-18(14)22-3)9-10-20-13-16-7-5-6-8-17(16)21-2/h5-8,11-12,20H,9-10,13H2,1-4H3"
NBOMe-2C-E,C20H27NO3,329.4,1354632-14-6,118796522,9,10,CCC1=CC(=C(C=C1OC)CCNCC2=CC=CC=C2OC)OC,Hallucinogens,5-HT2A,13,Phenethylamines 2C-B,PXDVGFGXPVCNAB-UHFFFAOYSA-N,"InChI=1S/C20H27NO3/c1-5-15-12-20(24-4)16(13-19(15)23-3)10-11-21-14-17-8-6-7-9-18(17)22-2/h6-9,12-13,21H,5,10-11,14H2,1-4H3"
NBOMe-2C-H,C18H23NO3,301.4,919797-16-3,39424372,8,10,COC1=CC(=C(C=C1)OC)CCNCC2=CC=CC=C2OC,Hallucinogens,5-HT2A,13,Phenethylamines 2C-B,RMLXCDMTGWSEOU-UHFFFAOYSA-N,"InChI=1S/C18H23NO3/c1-20-16-8-9-18(22-3)14(12-16)10-11-19-13-15-6-4-5-7-17(15)21-2/h4-9,12,19H,10-11,13H2,1-3H3"
NBOMe-2C-N,C18H22N2O5,346.4,1354632-03-3,118536028,8,10,COC1=CC=CC=C1CNCCC2=CC(=C(C=C2OC)[N+](=O)[O-])OC,Hallucinogens,5-HT2A,13,Phenethylamines 2C-B,TXCKTIBHURMASQ-UHFFFAOYSA-N,"InChI=1S/C18H22N2O5/c1-23-16-7-5-4-6-14(16)12-19-9-8-13-10-18(25-3)15(20(21)22)11-17(13)24-2/h4-7,10-11,19H,8-9,12H2,1-3H3"
NBOMe-2C-P,C21H29NO3,343.5,1391489-07-8,118796470,10,10,CCCC1=CC(=C(C=C1OC)CCNCC2=CC=CC=C2OC)OC,Hallucinogens,5-HT2A,13,Phenethylamines 2C-B,QHEBYIJRKGDFGH-UHFFFAOYSA-N,"InChI=1S/C21H29NO3/c1-5-8-16-13-21(25-4)17(14-20(16)24-3)11-12-22-15-18-9-6-7-10-19(18)23-2/h6-7,9-10,13-14,22H,5,8,11-12,15H2,1-4H3"
NBOMe-mescaline,C19H25NO4,331.4,,57501069,9,9,COC1=CC=CC=C1CNCCC2=CC(=C(C(=C2)OC)OC)OC,Hallucinogens,5-HT2A,13,Phenethylamines 2C,USPSMWCGHVXKMN-UHFFFAOYSA-N,"InChI=1S/C19H25NO4/c1-21-16-8-6-5-7-15(16)13-20-10-9-14-11-17(22-2)19(24-4)18(12-14)23-3/h5-8,11-12,20H,9-10,13H2,1-4H3"
2C-B,C10H14BrNO2,260.13,66142-81-2,98527,4,8,COC1=CC(=C(C=C1CCN)OC)Br,Hallucinogens,5-HT2A,14,Phenethylamines 2C,YMHOBZXQZVXHBM-UHFFFAOYSA-N,"InChI=1S/C10H14BrNO2/c1-13-9-6-8(11)10(14-2)5-7(9)3-4-12/h5-6H,3-4,12H2,1-2H3"
2C-C,C10H14ClNO2,215.67,88441-14-9,29979100,4,10,COC1=CC(=C(C=C1CCN)OC)Cl,Hallucinogens,5-HT2A,14,Phenethylamines 2C,CGKQFIWIPSIVAS-UHFFFAOYSA-N,"InChI=1S/C10H14ClNO2/c1-13-9-6-8(11)10(14-2)5-7(9)3-4-12/h5-6H,3-4,12H2,1-2H3"
2C-D,C11H17NO2,195.26,24333-19-5,135740,4,7,CC1=CC(=C(C=C1OC)CCN)OC,Hallucinogens,5-HT2A,14,Phenethylamines 2C,UNQQFDCVEMVQHM-UHFFFAOYSA-N,"InChI=1S/C11H17NO2/c1-8-6-11(14-3)9(4-5-12)7-10(8)13-2/h6-7H,4-5,12H2,1-3H3"
2C-E,C12H19NO2,209.28,71539-34-9,24729233,5,9,CCC1=CC(=C(C=C1OC)CCN)OC,Hallucinogens,5-HT2A,14,Phenethylamines 2C,VDRGNAMREYBIHA-UHFFFAOYSA-N,"InChI=1S/C12H19NO2/c1-4-9-7-12(15-3)10(5-6-13)8-11(9)14-2/h7-8H,4-6,13H2,1-3H3"
2C-H,C10H15NO2,181.23,3600-86-0,76632,4,9,COC1=CC(=C(C=C1)OC)CCN,Hallucinogens,5-HT2A,14,Phenethylamines 2C,WNCUVUUEJZEATP-UHFFFAOYSA-N,"InChI=1S/C10H15NO2/c1-12-9-3-4-10(13-2)8(7-9)5-6-11/h3-4,7H,5-6,11H2,1-2H3"
2C-N,C10H14N2O4,226.23,261789-00-8,10036637,4,10,COC1=CC(=C(C=C1CCN)OC)[N+](=O)[O-],Hallucinogens,5-HT2A,14,Phenethylamines 2C,ZMUSDZGRRJGRAO-UHFFFAOYSA-N,"InChI=1S/C10H14N2O4/c1-15-9-6-8(12(13)14)10(16-2)5-7(9)3-4-11/h5-6H,3-4,11H2,1-2H3"
2C-P,C13H21NO2,223.31,207740-22-5,44350080,4,10,CCCC1=CC(=C(C=C1OC)CCN)OC,Hallucinogens,5-HT2A,14,Phenethylamines 2C,PZJOKFZGPTVNBF-UHFFFAOYSA-N,"nChI=1S/C13H21NO2/c1-4-5-10-8-13(16-3)11(6-7-14)9-12(10)15-2/h8-9H,4-7,14H2,1-3H3"
Mescaline,C11H17NO3,211.26,54-04-6,4076,5,9,COC1=CC(=CC(=C1OC)OC)CCN,Hallucinogens,5-HT2A,14,Phenethylamines 2C,RHCSKNNOAZULRK-UHFFFAOYSA-N,"InChI=1S/C11H17NO3/c1-13-9-6-8(4-5-12)7-10(14-2)11(9)15-3/h6-7H,4-5,12H2,1-3H3"
2C-T-2,C12H19NO2S,241.35,207740-24-7,12074193,6,9,CCSC1=C(C=C(C(=C1)OC)CCN)OC,Hallucinogens,5-HT2A,15,Phenethylamines 2C-T,HCWQGDLBIKOJPM-UHFFFAOYSA-N,"InChI=1S/C12H19NO2S/c1-4-16-12-8-10(14-2)9(5-6-13)7-11(12)15-3/h7-8H,4-6,13H2,1-3H3"
2C-T,C11H17NO2S,227.33,61638-09-3,12315927,5,9,COC1=CC(=C(C=C1CCN)OC)SC,Hallucinogens,5-HT2A,15,Phenethylamines 2C-T,UPZMYCMLLQTYEM-UHFFFAOYSA-N,"InChI=1S/C11H17NO2S/c1-13-9-7-11(15-3)10(14-2)6-8(9)4-5-12/h6-7H,4-5,12H2,1-3H3"
2C-T-4,C13H21NO2S,255.38,207740-25-8,44350070,6,10,CC(C)SC1=C(C=C(C(=C1)OC)CCN)OC,Hallucinogens,5-HT2A,15,Phenethylamines 2C-T,HDYZSVKZKDPLDT-UHFFFAOYSA-N,"InChI=1S/C13H21NO2S/c1-9(2)17-13-8-11(15-3)10(5-6-14)7-12(13)16-4/h7-9H,5-6,14H2,1-4H3"
2C-T-7,C13H21NO2S,255.38,207740-26-9,24728635,7,10,CCCSC1=C(C=C(C(=C1)OC)CCN)OC,Hallucinogens,5-HT2A,15,Phenethylamines 2C-T,OLEVEPDJOFPJTF-UHFFFAOYSA-N,"InChI=1S/C13H21NO2S/c1-4-7-17-13-9-11(15-2)10(5-6-14)8-12(13)16-3/h8-9H,4-7,14H2,1-3H3"
2C-T-16,C13H19NO2S,253.36,748131-14-8,12063256,7,10,COC1=CC(=C(C=C1CCN)OC)SCC=C,Hallucinogens,5-HT2A,15,Phenethylamines 2C-T,BXCMEIZBXNLJKM-UHFFFAOYSA-N,"InChI=1S/C13H19NO2S/c1-4-7-17-13-9-11(15-2)10(5-6-14)8-12(13)16-3/h4,8-9H,1,5-7,14H2,2-3H3"
2C-T-19,C14H23NO2S,269.4,732244-3--6,12063257,8,10,CCCCSC1=C(C=C(C(=C1)OC)CCN)OC,Hallucinogens,5-HT2A,15,Phenethylamines 2C-T,LGUVDOBGXUFUAJ-UHFFFAOYSA-N,"InChI=1S/C14H23NO2S/c1-4-5-8-18-14-10-12(16-2)11(6-7-15)9-13(14)17-3/h9-10H,4-8,15H2,1-3H3"
2C-T-25,C14H23NO2S,269.4,,12063260,7,9,CC(C)CSC1=C(C=C(C(=C1)OC)CCN)OC,Hallucinogens,5-HT2A,15,Phenethylamines 2C-T,OEPKQBQEDYEXMC-UHFFFAOYSA-N,"InChI=1S/C14H23NO2S/c1-10(2)9-18-14-8-12(16-3)11(5-6-15)7-13(14)17-4/h7-8,10H,5-6,9,15H2,1-4H3"
2C-T-27,C17H21NO2S,303.4,,12063261,7,10,COC1=CC(=C(C=C1CCN)OC)SCC2=CC=CC=C2,Hallucinogens,5-HT2A,15,Phenethylamines 2C-T,GRZVJRPTNCONNT-UHFFFAOYSA-N,"InChI=1S/C17H21NO2S/c1-19-15-11-17(16(20-2)10-14(15)8-9-18)21-12-13-6-4-3-5-7-13/h3-7,10-11H,8-9,12,18H2,1-2H3"
2C-T-28,C13H20FNO2S,273.37,,12063262,8,10,COC1=CC(=C(C=C1CCN)OC)SCCCF,Hallucinogens,5-HT2A,15,Phenethylamines 2C-T,XAFVGDRNPGLCMI-UHFFFAOYSA-N,"InChI=1S/C13H20FNO2S/c1-16-11-9-13(18-7-3-5-14)12(17-2)8-10(11)4-6-15/h8-9H,3-7,15H2,1-2H3"
2C-T-30,C14H22FNO2S,287.4,,12063263,9,10,COC1=CC(=C(C=C1CCN)OC)SCCCCF,Hallucinogens,5-HT2A,15,Phenethylamines 2C-T,BILSBDMCLLFSAV-UHFFFAOYSA-N,"InChI=1S/C14H22FNO2S/c1-17-12-10-14(19-8-4-3-6-15)13(18-2)9-11(12)5-7-16/h9-10H,3-8,16H2,1-2H3"
2C-T-31,C18H20F3NO2S,371.4,,12063264,7,10,COC1=CC(=C(C=C1CCN)OC)SCC2=CC=C(C=C2)C(F)(F)F,Hallucinogens,5-HT2A,15,Phenethylamines 2C-T,BDOJPUSYOLIGBS-UHFFFAOYSA-N,"InChI=1S/C18H20F3NO2S/c1-23-15-10-17(16(24-2)9-13(15)7-8-22)25-11-12-3-5-14(6-4-12)18(19,20)21/h3-6,9-10H,7-8,11,22H2,1-2H3"
2C-T-33,C18H23NO3S,333.4,,12063266,8,10,COC1=CC=CC(=C1)CSC2=C(C=C(C(=C2)OC)CCN)OC,Hallucinogens,5-HT2A,15,Phenethylamines 2C-T,ADENDGINQJWQOK-UHFFFAOYSA-N,"InChI=1S/C18H23NO3S/c1-20-15-6-4-5-13(9-15)12-23-18-11-16(21-2)14(7-8-19)10-17(18)22-3/h4-6,9-11H,7-8,12,19H2,1-3H3"
Psilocin,C12H16N2O,204.27,520-53-6,4980,3,5,CN(C)CCC1=CNC2=C1C(=CC=C2)O,Hallucinogens,5-HT2A,16,Tryptamine,SPCIYGNTAMCTRO-UHFFFAOYSA-N,"InChI=1S/C12H16N2O/c1-14(2)7-6-9-8-13-10-4-3-5-11(15)12(9)10/h3-5,8,13,15H,6-7H2,1-2H3"
DMT,C12H16N2,188.27,61-50-7,6089,3,7,CN(C)CCC1=CNC2=CC=CC=C21,Hallucinogens,5-HT2A,16,Tryptamine,DMULVCHRPCFFGV-UHFFFAOYSA-N,"InChI=1S/C12H16N2/c1-14(2)8-7-10-9-13-12-6-4-3-5-11(10)12/h3-6,9,13H,7-8H2,1-2H3"
DiPT,C16H24N2,244.37,14780-24-6,26903,5,3,CC(C)N(CCC1=CNC2=CC=CC=C21)C(C)C,Hallucinogens,5-HT2A,16,Tryptamine,ZRVAAGAZUWXRIP-UHFFFAOYSA-N,"InChI=1S/C16H24N2/c1-12(2)18(13(3)4)10-9-14-11-17-16-8-6-5-7-15(14)16/h5-8,11-13,17H,9-10H2,1-4H3"
4-HO-DiPT,C16H24N2O,260.37,132328-45-1,21854225,5,9,CC(C)N(CCC1=CNC2=C1C(=CC=C2)O)C(C)C,Hallucinogens,5-HT2A,16,Tryptamine,KBRYKXCBGISXQV-UHFFFAOYSA-N,"InChI=1S/C16H24N2O/c1-11(2)18(12(3)4)9-8-13-10-17-14-6-5-7-15(19)16(13)14/h5-7,10-12,17,19H,8-9H2,1-4H3"
4-HO-MET,C13H18N2O,218.29,77872-41-4,21786582,4,9,CCN(C)CCC1=CNC2=C1C(=CC=C2)O,Hallucinogens,5-HT2A,16,Tryptamine,ORWQBKPSGDRPPA-UHFFFAOYSA-N,"InChI=1S/C13H18N2O/c1-3-15(2)8-7-10-9-14-11-5-4-6-12(16)13(10)11/h4-6,9,14,16H,3,7-8H2,1-2H3"
5-MeO-AMT,C12H16N2O,204.27,1137-04-8,36906,3,7,CC(CC1=CNC2=C1C=C(C=C2)OC)N,Hallucinogens,5-HT2A,16,Tryptamine,OGNJZVNNKBZFRM-UHFFFAOYSA-N,"InChI=1S/C12H16N2O/c1-8(13)5-9-7-14-12-4-3-10(15-2)6-11(9)12/h3-4,6-8,14H,5,13H2,1-2H3"
5-MeO-MiPT,C15H22N2O,246.35,96096-55-8,2763156,5,7,CC(C)N(C)CCC1=CNC2=C1C=C(C=C2)OC,Hallucinogens,5-HT2A,16,Tryptamine,HEDOODBJFVUQMS-UHFFFAOYSA-N,"InChI=1S/C15H22N2O/c1-11(2)17(3)8-7-12-10-16-15-6-5-13(18-4)9-14(12)15/h5-6,9-11,16H,7-8H2,1-4H3"